{"val_progression_view": {"best_val_ema_Bacc": 70.52941176470587, "best_val_raw_Bacc": 69.40522875816994, "best_test_ema_Bacc_at_val": 57.39316239316239, "best_test_raw_Bacc_at_val": 60.937657114127695, "best_train_ema_Bacc_at_val": 99.30805127930054, "best_train_raw_Bacc_at_val": 98.5458301926032}, "dataset_name": "echo", "algorithm": "Echo_MIL", "hyperparameters": {"train_epoch": 2000, "optimizer": "SGD", "lr": 0.0008, "wd": 0.0001}}